<?xml version = '1.0' encoding = 'UTF-8'?>
<FKIndexAssociation class="oracle.dbtools.crest.model.design.relational.FKIndexAssociation" directorySegmentName="seg_0" id="1738D6CF-438E-6901-13C1-0556C0461962" containerWithKeyObject="41C8EADE-84A5-AB66-58D8-0C251123A03A" localFKIndex="A3137E12-B6C1-658C-D293-441AE9B0BD48" name="Acceso_Trabajador_FK">
<createdBy>MIGUEL</createdBy>
<createdTime>2017-04-04 14:32:07 UTC</createdTime>
<generatorID>523D500C-13A0-FBBC-62F4-C98BB51DDB12</generatorID>
<ownerDesignName>MER_FINAL_EQUIPO_1</ownerDesignName>
<deleteRule>NO ACTION</deleteRule>
<referredTableID>2703546B-4829-9011-3BB0-6E10111ECDAE</referredTableID>
<keyObject>CC60BBD7-A5B7-98F3-5C71-496B49553301</keyObject>
<referredKeyID>CC60BBD7-A5B7-98F3-5C71-496B49553301</referredKeyID>
<mandatory>true</mandatory>
<transferable>true</transferable>
<rely>false</rely>
<columnDependencyConstraintGenerateInDDL>true</columnDependencyConstraintGenerateInDDL>
</FKIndexAssociation>