<?xml version = '1.0' encoding = 'UTF-8'?>
<FKIndexAssociation class="oracle.dbtools.crest.model.design.relational.FKIndexAssociation" directorySegmentName="seg_0" id="47605E68-1448-4094-3BB8-1D3D86590254" containerWithKeyObject="A81F9324-B9C7-CC95-C723-531E6A43F4C7" localFKIndex="2FEE3DB7-EDE9-A0C2-EFD4-9B8639F8E3AD" name="Viaje_Parte_FK">
<createdBy>MIGUEL</createdBy>
<createdTime>2017-04-04 14:32:07 UTC</createdTime>
<generatorID>8AB634B7-658E-424A-CE1B-CB0840903E6A</generatorID>
<ownerDesignName>MER_FINAL_EQUIPO_1</ownerDesignName>
<deleteRule>NO ACTION</deleteRule>
<referredTableID>C94DEAD1-6728-0967-6317-6428D443AA1C</referredTableID>
<keyObject>5953AB2F-7F5D-5726-192C-E984FF3330D0</keyObject>
<referredKeyID>5953AB2F-7F5D-5726-192C-E984FF3330D0</referredKeyID>
<mandatory>true</mandatory>
<transferable>true</transferable>
<rely>false</rely>
<columnDependencyConstraintGenerateInDDL>true</columnDependencyConstraintGenerateInDDL>
</FKIndexAssociation>