<?xml version = '1.0' encoding = 'UTF-8'?>
<FKIndexAssociation class="oracle.dbtools.crest.model.design.relational.FKIndexAssociation" directorySegmentName="seg_0" id="5C11D7A9-DEFC-BC2E-9DFF-EFF8B02AB21A" containerWithKeyObject="C94DEAD1-6728-0967-6317-6428D443AA1C" localFKIndex="2806B947-60D9-9ECA-C0EA-131DA4B86871" name="Parte_Trabajador_FK">
<createdBy>MIGUEL</createdBy>
<createdTime>2017-04-04 14:32:07 UTC</createdTime>
<generatorID>C1F83161-1A2C-70DA-6FFA-E492707082B8</generatorID>
<ownerDesignName>MER_FINAL_EQUIPO_1</ownerDesignName>
<deleteRule>NO ACTION</deleteRule>
<referredTableID>2703546B-4829-9011-3BB0-6E10111ECDAE</referredTableID>
<keyObject>CC60BBD7-A5B7-98F3-5C71-496B49553301</keyObject>
<referredKeyID>CC60BBD7-A5B7-98F3-5C71-496B49553301</referredKeyID>
<mandatory>true</mandatory>
<transferable>true</transferable>
<rely>false</rely>
<columnDependencyConstraintGenerateInDDL>true</columnDependencyConstraintGenerateInDDL>
</FKIndexAssociation>