<?xml version = '1.0' encoding = 'UTF-8'?>
<FKIndexAssociation class="oracle.dbtools.crest.model.design.relational.FKIndexAssociation" directorySegmentName="seg_0" id="617044AA-9F25-F4D2-C30A-59BC0EFF5C29" containerWithKeyObject="2703546B-4829-9011-3BB0-6E10111ECDAE" localFKIndex="96B55838-7A5C-67B1-6827-391973393C5D" name="Trabajador_Acceso_FK">
<createdBy>MIGUEL</createdBy>
<createdTime>2017-04-04 14:32:07 UTC</createdTime>
<generatorID>523D500C-13A0-FBBC-62F4-C98BB51DDB12</generatorID>
<ownerDesignName>MER_FINAL_EQUIPO_1</ownerDesignName>
<deleteRule>NO ACTION</deleteRule>
<referredTableID>41C8EADE-84A5-AB66-58D8-0C251123A03A</referredTableID>
<keyObject>C692CA65-69F8-CE78-383E-45289BBE0CF4</keyObject>
<referredKeyID>C692CA65-69F8-CE78-383E-45289BBE0CF4</referredKeyID>
<mandatory>true</mandatory>
<transferable>true</transferable>
<rely>false</rely>
<columnDependencyConstraintGenerateInDDL>true</columnDependencyConstraintGenerateInDDL>
</FKIndexAssociation>