<?xml version = '1.0' encoding = 'UTF-8'?>
<FKIndexAssociation class="oracle.dbtools.crest.model.design.relational.FKIndexAssociation" directorySegmentName="seg_0" id="7B4A8ED6-ABA6-47B4-3E3E-C7BD1BD10960" containerWithKeyObject="AE48B702-1CB9-4FBE-3C5C-C6DA6B1A8D24" localFKIndex="2EBD942D-582E-727B-4249-D6A512F9516E" name="Vehiculo_Parte_FK">
<createdBy>MIGUEL</createdBy>
<createdTime>2017-04-04 14:32:07 UTC</createdTime>
<generatorID>E88774A9-D29D-DB1E-02A7-6C1B20C87A19</generatorID>
<ownerDesignName>MER_FINAL_EQUIPO_1</ownerDesignName>
<deleteRule>NO ACTION</deleteRule>
<referredTableID>C94DEAD1-6728-0967-6317-6428D443AA1C</referredTableID>
<keyObject>5953AB2F-7F5D-5726-192C-E984FF3330D0</keyObject>
<referredKeyID>5953AB2F-7F5D-5726-192C-E984FF3330D0</referredKeyID>
<mandatory>true</mandatory>
<transferable>true</transferable>
<rely>false</rely>
<columnDependencyConstraintGenerateInDDL>true</columnDependencyConstraintGenerateInDDL>
</FKIndexAssociation>