<?xml version = '1.0' encoding = 'UTF-8'?>
<FKIndexAssociation class="oracle.dbtools.crest.model.design.relational.FKIndexAssociation" directorySegmentName="seg_0" id="7B7A1E45-07C9-D16F-1B3E-C6975688A25B" containerWithKeyObject="2703546B-4829-9011-3BB0-6E10111ECDAE" localFKIndex="791DD38B-F391-512E-F5EB-03218E4C5D23" name="Trabajador_Centro_FK">
<createdBy>MIGUEL</createdBy>
<createdTime>2017-04-04 14:32:07 UTC</createdTime>
<generatorID>60D331C3-48C9-9A0E-50D9-69D107DF3F77</generatorID>
<ownerDesignName>MER_FINAL_EQUIPO_1</ownerDesignName>
<deleteRule>NO ACTION</deleteRule>
<referredTableID>B5337839-2B98-7B71-3A4F-0AC7449D6414</referredTableID>
<keyObject>61E87F36-0876-7081-6742-5D794CF8F1C3</keyObject>
<referredKeyID>61E87F36-0876-7081-6742-5D794CF8F1C3</referredKeyID>
<mandatory>true</mandatory>
<transferable>true</transferable>
<rely>false</rely>
<columnDependencyConstraintGenerateInDDL>true</columnDependencyConstraintGenerateInDDL>
</FKIndexAssociation>