<?xml version = '1.0' encoding = 'UTF-8'?>
<FKIndexAssociation class="oracle.dbtools.crest.model.design.relational.FKIndexAssociation" directorySegmentName="seg_0" id="93A55B01-D930-2FF5-9187-15BF4983DD0A" containerWithKeyObject="C94DEAD1-6728-0967-6317-6428D443AA1C" localFKIndex="17DA1526-F4CE-AF92-7967-5314F2BDAD66" name="Parte_Vehiculo_FK">
<createdBy>MIGUEL</createdBy>
<createdTime>2017-04-04 14:32:07 UTC</createdTime>
<generatorID>E88774A9-D29D-DB1E-02A7-6C1B20C87A19</generatorID>
<ownerDesignName>MER_FINAL_EQUIPO_1</ownerDesignName>
<deleteRule>NO ACTION</deleteRule>
<referredTableID>AE48B702-1CB9-4FBE-3C5C-C6DA6B1A8D24</referredTableID>
<keyObject>386EE874-E68B-B582-B091-E51234CC63AF</keyObject>
<referredKeyID>386EE874-E68B-B582-B091-E51234CC63AF</referredKeyID>
<mandatory>true</mandatory>
<transferable>true</transferable>
<rely>false</rely>
<columnDependencyConstraintGenerateInDDL>true</columnDependencyConstraintGenerateInDDL>
</FKIndexAssociation>