<?xml version = '1.0' encoding = 'UTF-8'?>
<Table class="oracle.dbtools.crest.model.design.relational.Table" directorySegmentName="seg_0" id="41C8EADE-84A5-AB66-58D8-0C251123A03A" name="Acceso">
<createdBy>MIGUEL</createdBy>
<createdTime>2017-04-04 14:32:07 UTC</createdTime>
<generatorID>08EF7F42-1DB5-EED1-BA6E-92A88C6906B7</generatorID>
<ownerDesignName>MER_FINAL_EQUIPO_1</ownerDesignName>
<allowColumnReorder>false</allowColumnReorder>
<existDependencyGenerateInDDl>true</existDependencyGenerateInDDl>
<parsed>true</parsed>
<columns itemClass="oracle.dbtools.crest.model.design.relational.Column">
<Column name="usuario" id="ABB30938-EC44-828D-1D19-A23354B19429">
<createdBy>MIGUEL</createdBy>
<createdTime>2017-04-04 14:32:07 UTC</createdTime>
<generatorID>F745CA72-A9AA-1EC9-6FF9-F50B8B316201</generatorID>
<ownerDesignName>MER_FINAL_EQUIPO_1</ownerDesignName>
<useDomainConstraints>false</useDomainConstraints>
<use>1</use>
<logicalDatatype>LOGDT024</logicalDatatype>
<dataTypeSize>9</dataTypeSize>
<ownDataTypeParameters>9,,</ownDataTypeParameters>
<autoIncrementCycle>false</autoIncrementCycle>
</Column>
<Column name="contrasena" id="1B128E8A-AB7F-0C19-1B90-68EE61EAF28A">
<createdBy>MIGUEL</createdBy>
<createdTime>2017-04-04 14:32:07 UTC</createdTime>
<generatorID>D8A9D7AC-A0DF-81EA-D396-DEF3AA7A7F73</generatorID>
<ownerDesignName>MER_FINAL_EQUIPO_1</ownerDesignName>
<useDomainConstraints>false</useDomainConstraints>
<use>1</use>
<logicalDatatype>LOGDT024</logicalDatatype>
<dataTypeSize>10</dataTypeSize>
<ownDataTypeParameters>10,,</ownDataTypeParameters>
<autoIncrementCycle>false</autoIncrementCycle>
</Column>
<Column name="Trabajador_dni" id="0E8A09AD-92D8-5E32-ED64-9EEDB7459A1B">
<createdBy>MIGUEL</createdBy>
<createdTime>2017-04-04 14:32:07 UTC</createdTime>
<generatorID>C031F5A9-A561-EA0E-AE78-EF2C647CC420</generatorID>
<ownerDesignName>MER_FINAL_EQUIPO_1</ownerDesignName>
<useDomainConstraints>false</useDomainConstraints>
<use>1</use>
<logicalDatatype>LOGDT024</logicalDatatype>
<dataTypeSize>9</dataTypeSize>
<ownDataTypeParameters>9,,</ownDataTypeParameters>
<previousColumn>false</previousColumn>
<autoIncrementCycle>false</autoIncrementCycle>
<associations>
<colAssociation fkAssociation="1738D6CF-438E-6901-13C1-0556C0461962" referredColumn="E7A366C1-A3E3-5A01-DFB4-62775CFA690A"/>
</associations>
</Column>
</columns>
<indexes itemClass="oracle.dbtools.crest.model.design.relational.Index">
<ind_PK_UK id="C692CA65-69F8-CE78-383E-45289BBE0CF4" name="Acceso_PK">
<createdBy>MIGUEL</createdBy>
<createdTime>2017-04-04 14:32:07 UTC</createdTime>
<generatorID>F97FA740-E38E-5786-18CA-8E7F2E101FD7</generatorID>
<ownerDesignName>MER_FINAL_EQUIPO_1</ownerDesignName>
<pk>true</pk>
<indexState>Primary Constraint</indexState>
<isSurrogateKey>false</isSurrogateKey>
<indexColumnUsage>
<colUsage columnID="ABB30938-EC44-828D-1D19-A23354B19429"/>
<colUsage columnID="1B128E8A-AB7F-0C19-1B90-68EE61EAF28A"/>
</indexColumnUsage>
</ind_PK_UK>
<ind_PK_UK id="463CA341-08B9-2446-5F9D-C2312D5AFFD5" name="Acceso__IDX">
<createdBy>MIGUEL</createdBy>
<createdTime>2017-04-04 14:32:07 UTC</createdTime>
<generatorID>Generado por el Usuario</generatorID>
<ownerDesignName>MER_FINAL_EQUIPO_1</ownerDesignName>
<indexState>Unique Plain Index</indexState>
<isSurrogateKey>false</isSurrogateKey>
<relationGeneratorID>523D500C-13A0-FBBC-62F4-C98BB51DDB12</relationGeneratorID>
<indexColumnUsage>
<colUsage columnID="0E8A09AD-92D8-5E32-ED64-9EEDB7459A1B"/>
</indexColumnUsage>
</ind_PK_UK>
<ind_PK_UK id="A3137E12-B6C1-658C-D293-441AE9B0BD48" name="Acceso_Trabajador_FK">
<createdBy>MIGUEL</createdBy>
<createdTime>2017-04-04 14:32:07 UTC</createdTime>
<generatorID>523D500C-13A0-FBBC-62F4-C98BB51DDB12</generatorID>
<ownerDesignName>MER_FINAL_EQUIPO_1</ownerDesignName>
<indexState>Foreign Key</indexState>
<isSurrogateKey>false</isSurrogateKey>
<indexColumnUsage>
<colUsage columnID="0E8A09AD-92D8-5E32-ED64-9EEDB7459A1B"/>
</indexColumnUsage>
</ind_PK_UK>
</indexes>
</Table>