<?xml version = '1.0' encoding = 'UTF-8'?>
<relationalModel class="oracle.dbtools.crest.model.design.relational.RelationalDesign" name="Relational_1" id="F3639471-8FFD-6475-12B8-E3EF586002C0" mainViewID="2533A025-F9D5-C8C8-D8F5-FEC0B9213370">
<createdBy>MIGUEL</createdBy>
<createdTime>2017-04-04 13:52:37 UTC</createdTime>
<generatorID>Generado por el Usuario</generatorID>
<ownerDesignName>MER_FINAL_EQUIPO_1</ownerDesignName>
<shouldBeOpen>false</shouldBeOpen>
<selectedRDBMSSite>3FD120B5-9F4E-6278-D5E2-746D192C8319</selectedRDBMSSite>
</relationalModel>