<?xml version = '1.0' encoding = 'UTF-8'?>
<StructuredType class="oracle.dbtools.crest.model.design.datatypes.StructuredType" name="SDO_GEOMETRY" directorySegmentName="seg_0" id="47E390DE-0671-C4B1-8428-0F45CBEE18F8">
<createdBy>MIGUEL</createdBy>
<createdTime>2017-04-04 13:52:37 UTC</createdTime>
<generatorID>Generado por el Usuario</generatorID>
<ownerDesignName>MER_FINAL_EQUIPO_1</ownerDesignName>
<visible>false</visible>
<predefined>true</predefined>
<final>false</final>
<instantiable>true</instantiable>
</StructuredType>