<?xml version = '1.0' encoding = 'UTF-8'?>
<StructuredType class="oracle.dbtools.crest.model.design.datatypes.StructuredType" name="XMLTYPE" directorySegmentName="seg_0" id="F72C39E0-D1CA-8821-2AD7-A1E95A37D3D1">
<createdBy>MIGUEL</createdBy>
<createdTime>2017-04-04 13:52:37 UTC</createdTime>
<generatorID>Generado por el Usuario</generatorID>
<ownerDesignName>MER_FINAL_EQUIPO_1</ownerDesignName>
<visible>false</visible>
<predefined>true</predefined>
<final>false</final>
<instantiable>true</instantiable>
</StructuredType>