<?xml version = '1.0' encoding = 'UTF-8'?>
<Entity class="oracle.dbtools.crest.model.design.logical.Entity" directorySegmentName="seg_0" id="08EF7F42-1DB5-EED1-BA6E-92A88C6906B7" name="Acceso">
<createdBy>MIGUEL</createdBy>
<createdTime>2017-04-04 14:17:12 UTC</createdTime>
<generatorID>Generado por el Usuario</generatorID>
<ownerDesignName>MER_FINAL_EQUIPO_1</ownerDesignName>
<engineerTo>
<item key="F3639471-8FFD-6475-12B8-E3EF586002C0" value="true"/>
</engineerTo>
<adequatelyNormalized>NO</adequatelyNormalized>
<expectedVolumes>0</expectedVolumes>
<fwdEngineeringStrategyName>Single Table</fwdEngineeringStrategyName>
<growthPercent>0</growthPercent>
<growthType>Year</growthType>
<maxVolumes>9999999</maxVolumes>
<minVolumes>0</minVolumes>
<normalForm>Third</normalForm>
<attributes itemClass="oracle.dbtools.crest.model.design.logical.Attribute">
<Attribute name="usuario" id="F745CA72-A9AA-1EC9-6FF9-F50B8B316201">
<createdBy>MIGUEL</createdBy>
<createdTime>2017-04-04 14:17:21 UTC</createdTime>
<generatorID>Generado por el Usuario</generatorID>
<ownerDesignName>MER_FINAL_EQUIPO_1</ownerDesignName>
<engineerTo>
<item key="F3639471-8FFD-6475-12B8-E3EF586002C0" value="true"/>
</engineerTo>
<useDomainConstraints>false</useDomainConstraints>
<use>1</use>
<logicalDatatype>LOGDT024</logicalDatatype>
<dataTypeSize>9</dataTypeSize>
<ownDataTypeParameters>9,,</ownDataTypeParameters>
</Attribute>
<Attribute name="contrasena" id="D8A9D7AC-A0DF-81EA-D396-DEF3AA7A7F73">
<createdBy>MIGUEL</createdBy>
<createdTime>2017-04-04 14:17:22 UTC</createdTime>
<generatorID>Generado por el Usuario</generatorID>
<ownerDesignName>MER_FINAL_EQUIPO_1</ownerDesignName>
<engineerTo>
<item key="F3639471-8FFD-6475-12B8-E3EF586002C0" value="true"/>
</engineerTo>
<useDomainConstraints>false</useDomainConstraints>
<use>1</use>
<logicalDatatype>LOGDT024</logicalDatatype>
<dataTypeSize>10</dataTypeSize>
<ownDataTypeParameters>10,,</ownDataTypeParameters>
</Attribute>
<Attribute name="dni" id="C031F5A9-A561-EA0E-AE78-EF2C647CC420">
<createdBy>MIGUEL</createdBy>
<createdTime>2017-04-04 14:27:56 UTC</createdTime>
<generatorID>523D500C-13A0-FBBC-62F4-C98BB51DDB12</generatorID>
<ownerDesignName>MER_FINAL_EQUIPO_1</ownerDesignName>
<engineerTo>
<item key="F3639471-8FFD-6475-12B8-E3EF586002C0" value="true"/>
</engineerTo>
<referedAttribute>A883513B-5483-8FA8-5318-1ABA4632C04F</referedAttribute>
<useDomainConstraints>false</useDomainConstraints>
<use>1</use>
<logicalDatatype>LOGDT024</logicalDatatype>
<dataTypeSize>9</dataTypeSize>
<ownDataTypeParameters>9,,</ownDataTypeParameters>
</Attribute>
</attributes>
<identifiers itemClass="oracle.dbtools.crest.model.design.logical.CandidateKey">
<identifier id="F97FA740-E38E-5786-18CA-8E7F2E101FD7" name="Acceso PK">
<createdBy>MIGUEL</createdBy>
<createdTime>2017-04-04 14:17:44 UTC</createdTime>
<generatorID>Generado por el Usuario</generatorID>
<ownerDesignName>MER_FINAL_EQUIPO_1</ownerDesignName>
<engineerTo>
<item key="F3639471-8FFD-6475-12B8-E3EF586002C0" value="true"/>
</engineerTo>
<pk>true</pk>
<usedAttributes>
<attributeRef>F745CA72-A9AA-1EC9-6FF9-F50B8B316201</attributeRef>
<attributeRef>D8A9D7AC-A0DF-81EA-D396-DEF3AA7A7F73</attributeRef>
</usedAttributes>
</identifier>
</identifiers>
</Entity>