<?xml version = '1.0' encoding = 'UTF-8'?>
<Entity class="oracle.dbtools.crest.model.design.logical.Entity" directorySegmentName="seg_0" id="699E66E9-8E75-2AF5-418D-56D26EF4E26E" name="Parte">
<createdBy>MIGUEL</createdBy>
<createdTime>2017-04-04 14:08:26 UTC</createdTime>
<generatorID>Generado por el Usuario</generatorID>
<ownerDesignName>MER_FINAL_EQUIPO_1</ownerDesignName>
<engineerTo>
<item key="F3639471-8FFD-6475-12B8-E3EF586002C0" value="true"/>
</engineerTo>
<adequatelyNormalized>NO</adequatelyNormalized>
<expectedVolumes>0</expectedVolumes>
<fwdEngineeringStrategyName>Single Table</fwdEngineeringStrategyName>
<growthPercent>0</growthPercent>
<growthType>Year</growthType>
<maxVolumes>9999999</maxVolumes>
<minVolumes>0</minVolumes>
<normalForm>Third</normalForm>
<attributes itemClass="oracle.dbtools.crest.model.design.logical.Attribute">
<Attribute name="idParte" id="1D4FD27F-6B2B-7D1E-BBE4-24AC52D8D189">
<createdBy>MIGUEL</createdBy>
<createdTime>2017-04-04 14:08:34 UTC</createdTime>
<generatorID>Generado por el Usuario</generatorID>
<ownerDesignName>MER_FINAL_EQUIPO_1</ownerDesignName>
<engineerTo>
<item key="F3639471-8FFD-6475-12B8-E3EF586002C0" value="true"/>
</engineerTo>
<useDomainConstraints>false</useDomainConstraints>
<use>1</use>
<logicalDatatype>LOGDT024</logicalDatatype>
<dataTypeSize>9</dataTypeSize>
<ownDataTypeParameters>9,,</ownDataTypeParameters>
</Attribute>
<Attribute name="fecha" id="3733AD81-FF7B-7DB0-7625-3DC189A356CD">
<createdBy>MIGUEL</createdBy>
<createdTime>2017-04-04 14:08:45 UTC</createdTime>
<generatorID>Generado por el Usuario</generatorID>
<ownerDesignName>MER_FINAL_EQUIPO_1</ownerDesignName>
<engineerTo>
<item key="F3639471-8FFD-6475-12B8-E3EF586002C0" value="true"/>
</engineerTo>
<useDomainConstraints>false</useDomainConstraints>
<use>1</use>
<logicalDatatype>LOGDT007</logicalDatatype>
<ownDataTypeParameters>,,</ownDataTypeParameters>
</Attribute>
<Attribute name="kmInicio" id="54B80C56-4D1E-8C15-0BA4-60280CD746A4">
<createdBy>MIGUEL</createdBy>
<createdTime>2017-04-04 14:08:55 UTC</createdTime>
<generatorID>Generado por el Usuario</generatorID>
<ownerDesignName>MER_FINAL_EQUIPO_1</ownerDesignName>
<engineerTo>
<item key="F3639471-8FFD-6475-12B8-E3EF586002C0" value="true"/>
</engineerTo>
<useDomainConstraints>false</useDomainConstraints>
<use>1</use>
<logicalDatatype>LOGDT020</logicalDatatype>
<ownDataTypeParameters>,,</ownDataTypeParameters>
</Attribute>
<Attribute name="kmFinal" id="E2657863-6876-C2CA-94E2-7834060F5108">
<createdBy>MIGUEL</createdBy>
<createdTime>2017-04-04 14:08:54 UTC</createdTime>
<generatorID>Generado por el Usuario</generatorID>
<ownerDesignName>MER_FINAL_EQUIPO_1</ownerDesignName>
<engineerTo>
<item key="F3639471-8FFD-6475-12B8-E3EF586002C0" value="true"/>
</engineerTo>
<useDomainConstraints>false</useDomainConstraints>
<use>1</use>
<logicalDatatype>LOGDT020</logicalDatatype>
<ownDataTypeParameters>,,</ownDataTypeParameters>
</Attribute>
<Attribute name="incidencias" id="DD6B2A19-606E-B1F4-E5CE-916147E9EFAB">
<createdBy>MIGUEL</createdBy>
<createdTime>2017-04-04 14:09:03 UTC</createdTime>
<generatorID>Generado por el Usuario</generatorID>
<ownerDesignName>MER_FINAL_EQUIPO_1</ownerDesignName>
<engineerTo>
<item key="F3639471-8FFD-6475-12B8-E3EF586002C0" value="true"/>
</engineerTo>
<nullsAllowed>true</nullsAllowed>
<useDomainConstraints>false</useDomainConstraints>
<use>1</use>
<logicalDatatype>LOGDT024</logicalDatatype>
<dataTypeSize>70</dataTypeSize>
<ownDataTypeParameters>70,,</ownDataTypeParameters>
</Attribute>
<Attribute name="avisos" id="1636EFE2-9CA2-6F70-3CC3-8FA05CB76067">
<createdBy>MIGUEL</createdBy>
<createdTime>2017-04-04 14:09:41 UTC</createdTime>
<generatorID>Generado por el Usuario</generatorID>
<ownerDesignName>MER_FINAL_EQUIPO_1</ownerDesignName>
<engineerTo>
<item key="F3639471-8FFD-6475-12B8-E3EF586002C0" value="true"/>
</engineerTo>
<useDomainConstraints>false</useDomainConstraints>
<use>1</use>
<logicalDatatype>LOGDT024</logicalDatatype>
<dataTypeSize>70</dataTypeSize>
<ownDataTypeParameters>70,,</ownDataTypeParameters>
</Attribute>
<Attribute name="finalizado" id="5A5FD70B-3D55-95D8-BD76-D59DB1BC102D">
<createdBy>MIGUEL</createdBy>
<createdTime>2017-04-04 14:09:42 UTC</createdTime>
<generatorID>Generado por el Usuario</generatorID>
<ownerDesignName>MER_FINAL_EQUIPO_1</ownerDesignName>
<engineerTo>
<item key="F3639471-8FFD-6475-12B8-E3EF586002C0" value="true"/>
</engineerTo>
<useDomainConstraints>false</useDomainConstraints>
<use>1</use>
<logicalDatatype>LOGDT025</logicalDatatype>
<dataTypeSize>1</dataTypeSize>
<ownDataTypeParameters>1,,</ownDataTypeParameters>
</Attribute>
<Attribute name="gasoil" id="6F1B307B-F82E-F344-E9DD-03314E21EAFE">
<createdBy>MIGUEL</createdBy>
<createdTime>2017-04-04 14:10:04 UTC</createdTime>
<generatorID>Generado por el Usuario</generatorID>
<ownerDesignName>MER_FINAL_EQUIPO_1</ownerDesignName>
<engineerTo>
<item key="F3639471-8FFD-6475-12B8-E3EF586002C0" value="true"/>
</engineerTo>
<nullsAllowed>true</nullsAllowed>
<useDomainConstraints>false</useDomainConstraints>
<use>1</use>
<logicalDatatype>LOGDT020</logicalDatatype>
<ownDataTypeParameters>,,</ownDataTypeParameters>
</Attribute>
<Attribute name="autopistas" id="6DEC12EA-8A62-31F5-410D-E0C830774337">
<createdBy>MIGUEL</createdBy>
<createdTime>2017-04-04 14:10:12 UTC</createdTime>
<generatorID>Generado por el Usuario</generatorID>
<ownerDesignName>MER_FINAL_EQUIPO_1</ownerDesignName>
<engineerTo>
<item key="F3639471-8FFD-6475-12B8-E3EF586002C0" value="true"/>
</engineerTo>
<nullsAllowed>true</nullsAllowed>
<useDomainConstraints>false</useDomainConstraints>
<use>1</use>
<logicalDatatype>LOGDT020</logicalDatatype>
<ownDataTypeParameters>,,</ownDataTypeParameters>
</Attribute>
<Attribute name="dietas" id="597427A8-E707-A068-2739-60B5BE6CEA25">
<createdBy>MIGUEL</createdBy>
<createdTime>2017-04-04 14:10:21 UTC</createdTime>
<generatorID>Generado por el Usuario</generatorID>
<ownerDesignName>MER_FINAL_EQUIPO_1</ownerDesignName>
<engineerTo>
<item key="F3639471-8FFD-6475-12B8-E3EF586002C0" value="true"/>
</engineerTo>
<nullsAllowed>true</nullsAllowed>
<useDomainConstraints>false</useDomainConstraints>
<use>1</use>
<logicalDatatype>LOGDT020</logicalDatatype>
<ownDataTypeParameters>,,</ownDataTypeParameters>
</Attribute>
<Attribute name="otrosGastos" id="5DB27929-2C09-B470-D9F5-F20D83A86B81">
<createdBy>MIGUEL</createdBy>
<createdTime>2017-04-04 14:10:25 UTC</createdTime>
<generatorID>Generado por el Usuario</generatorID>
<ownerDesignName>MER_FINAL_EQUIPO_1</ownerDesignName>
<engineerTo>
<item key="F3639471-8FFD-6475-12B8-E3EF586002C0" value="true"/>
</engineerTo>
<nullsAllowed>true</nullsAllowed>
<useDomainConstraints>false</useDomainConstraints>
<use>1</use>
<logicalDatatype>LOGDT020</logicalDatatype>
<ownDataTypeParameters>,,</ownDataTypeParameters>
</Attribute>
<Attribute name="horasTrabajadas" id="8E312CAB-AD0C-C748-BFDE-F1804850D9A1">
<createdBy>MIGUEL</createdBy>
<createdTime>2017-04-04 14:10:25 UTC</createdTime>
<generatorID>Generado por el Usuario</generatorID>
<ownerDesignName>MER_FINAL_EQUIPO_1</ownerDesignName>
<engineerTo>
<item key="F3639471-8FFD-6475-12B8-E3EF586002C0" value="true"/>
</engineerTo>
<useDomainConstraints>false</useDomainConstraints>
<use>1</use>
<logicalDatatype>LOGDT020</logicalDatatype>
<ownDataTypeParameters>,,</ownDataTypeParameters>
</Attribute>
<Attribute name="dni" id="4CCDBA57-7CF0-D603-444C-981D290E4A98">
<createdBy>MIGUEL</createdBy>
<createdTime>2017-04-04 14:28:30 UTC</createdTime>
<generatorID>C1F83161-1A2C-70DA-6FFA-E492707082B8</generatorID>
<ownerDesignName>MER_FINAL_EQUIPO_1</ownerDesignName>
<engineerTo>
<item key="F3639471-8FFD-6475-12B8-E3EF586002C0" value="true"/>
</engineerTo>
<referedAttribute>A883513B-5483-8FA8-5318-1ABA4632C04F</referedAttribute>
<useDomainConstraints>false</useDomainConstraints>
<use>1</use>
<logicalDatatype>LOGDT024</logicalDatatype>
<dataTypeSize>9</dataTypeSize>
<ownDataTypeParameters>9,,</ownDataTypeParameters>
</Attribute>
<Attribute name="matricula" id="9923BF63-A155-20DF-6E83-69DFBA58B27C">
<createdBy>MIGUEL</createdBy>
<createdTime>2017-04-04 14:29:16 UTC</createdTime>
<generatorID>E88774A9-D29D-DB1E-02A7-6C1B20C87A19</generatorID>
<ownerDesignName>MER_FINAL_EQUIPO_1</ownerDesignName>
<engineerTo>
<item key="F3639471-8FFD-6475-12B8-E3EF586002C0" value="true"/>
</engineerTo>
<referedAttribute>3A1F5C76-B2C4-981B-A44D-448275BE8E8C</referedAttribute>
<useDomainConstraints>false</useDomainConstraints>
<use>1</use>
<logicalDatatype>LOGDT024</logicalDatatype>
<dataTypeSize>7</dataTypeSize>
<ownDataTypeParameters>7,,</ownDataTypeParameters>
</Attribute>
</attributes>
<identifiers itemClass="oracle.dbtools.crest.model.design.logical.CandidateKey">
<identifier id="184660F7-F33E-58C2-97ED-20CAF2AE1EDA" name="Parte PK">
<createdBy>MIGUEL</createdBy>
<createdTime>2017-04-04 14:08:41 UTC</createdTime>
<generatorID>Generado por el Usuario</generatorID>
<ownerDesignName>MER_FINAL_EQUIPO_1</ownerDesignName>
<engineerTo>
<item key="F3639471-8FFD-6475-12B8-E3EF586002C0" value="true"/>
</engineerTo>
<pk>true</pk>
<usedAttributes>
<attributeRef>1D4FD27F-6B2B-7D1E-BBE4-24AC52D8D189</attributeRef>
</usedAttributes>
</identifier>
</identifiers>
</Entity>